1,7,http://placehold.it/200x200,10,33.79,-84.32,Emory U,1540944039,1540945039,0,199
2,7,https://external-preview.redd.it/-O8Uhk_dUseLh1uCY5R9yQcvQ7V1S_rQrxmI8ziyPm0.jpg?width=640&crop=smart&auto=webp&s=d9d50dea628b8c19dc126e24901d0e6149b4e790,15,33.79,-84.32,Emory U,1540944039,1540945039,1,203
3,7,https://external-preview.redd.it/7n5GzZdLlhjSziUx1icN9P6Sbn8PxNhflTdExtubgpI.jpg?width=960&crop=smart&auto=webp&s=efd9fe5b8a67f26cb80b997ece2e728bccb8b407,15,33.79,-84.32,Emory U,1540944039,1540945039,1,33
4,7,https://i.imgur.com/VgWOJBl.jpg,5,33.79,-84.32,Emory U,1540944039,1540945039,0,73
5,7,https://i.redd.it/u97b8n6rm7w11.jpg,25,33.79,-84.32,Emory U,1540944039,1540945039,0,92
6,7,https://i.redd.it/i142jd3mjbw11.jpg,45,33.79,-84.32,Emory U,1540944039,1540945039,0,112
7,7,https://preview.redd.it/yicd5d7mhaw11.jpg?width=640&crop=smart&auto=webp&s=e951755e0d43730a0dcfa2ae44e6c695eae1821a,15,33.79,-84.32,Emory U,1540944039,1540945039,1,100
8,7,https://res.cloudinary.com/apartmentlist/image/upload/t_r_fp_dream_ldp_msg/aysuvpcshkmwoggqsbww.jpg,50,33.770897,-84.362722,755 North,1540944039,1540945039,0,100
9,7,https://image3.apartmentfinder.com/i2/3HDkrrEKw3iTM0P2JGO0lEp4MCS_vTfrDeV9JY2_0G4/118/azure-on-the-park-atlanta-ga-1br-1ba---midrise-model.jpg,20,33.782771,-84.380686,Azure on the Park,1540944039,1540945039,0,23
10,7,https://www.google.com/url?sa=i&rct=j&q=&esrc=s&source=images&cd=&ved=2ahUKEwjQg_qhroLfAhXKVN8KHfCqD9UQjRx6BAgBEAU&url=https%3A%2F%2Fwww.bobvila.com%2Fslideshow%2F12-ideas-to-steal-from-the-most-organized-garages-50062&psig=AOvVaw17xUo1qg7Cxx_lpS3a0Gqp&ust=1543881849751971,90,33.787978,-84.32819,Chabad House,1540944039,1540945039,0,31
11,14,http://oxford.emory.edu/_includes/images/sections/life/slideshow-murdy-4.jpg,15,33.794919,-84.326155,Sammy House,1540945039,1540945039,0
12,14,https://cdngeneral.rentcafe.com/dmslivecafe/3/528526/GA_Atlanta_EmoryPoint_p0538138_1B5T_2_FloorPlan.jpg?quality=85,30,33.801007,-84.328941,Point Above CVS,1540945039,1540945039	1
13,14,https://s3-media1.fl.yelpcdn.com/bphoto/rBSXyK701zHwSIARnv-zHw/ls.jpg,45,33.758561,-84.387065,Ritz Carlton Space,1540945039,1540945039,1
