John,Smith,a@jsmith,p@ssw3rd,234092332,picture
Jane,Smith,a@janesmith,s3cret,234092333,picture
Joe,Smith,a@joesmith,blackd0g,234092334,picture
Jim,Smith,a@jimsmith,wh1it3cAt,234092335,picture
Jack,Smith,a@jacksmith,blu3FisH,234092336,picture
John,Doe,a@johndoe,R3dHors3,234092337,picture
Jane,Doe,a@janedoe,GreenFr0g,234092338,https://scontent-atl3-1.cdninstagram.com/vp/f8e2660c69a53e65de15a6774824ec15/5C66FCF9/t51.2885-19/s320x320/22802645_1958599271054280_4191322824545140736_n.jpg
Michael,Sanders,a@msanders,YellowTurtle,234092339,https://scontent-atl3-1.cdninstagram.com/vp/8654fba64ada6d2f7cb30c2b82ee6ebf/5C2877D1/t51.2885-19/s320x320/40470301_737609546577676_7163267097605177344_n.jpg
Bob,Allen,a@boballen,PurpleSnake,234092340,https://scontent-atl3-1.cdninstagram.com/vp/690a3508ffbac98536e93fc4a480b075/5C6FFFF2/t51.2885-19/s320x320/36148954_239479413520282_583565323995709440_n.jpg
James,Quimbly,a@jamesq,PinkPig,234092341,picture
Michael,Scott,a@mscott,WhiteZebra,234092342,picture
Jim,Halprin,a@jhalprin,BlackTurkey,234092343,picture
Teresa,Jones,a@tjones,BlueHawk,234092344,picture
Tommy,Jones,a@tomjones,GreenTree,234092345,https://scontent-atl3-1.cdninstagram.com/vp/f8e2660c69a53e65de15a6774824ec15/5C66FCF9/t51.2885-19/s320x320/22802645_1958599271054280_4191322824545140736_n.jpg
Gregg,Jones,a@greggjones,OrangeFish,234092346,https://scontent-atl3-1.cdninstagram.com/vp/8654fba64ada6d2f7cb30c2b82ee6ebf/5C2877D1/t51.2885-19/s320x320/40470301_737609546577676_7163267097605177344_n.jpg
Daniel,Thompson,a@dthompson,RedBoat,234092347,https://scontent-atl3-1.cdninstagram.com/vp/8654fba64ada6d2f7cb30c2b82ee6ebf/5C2877D1/t51.2885-19/s320x320/40470301_737609546577676_7163267097605177344_n.jpg
Pamela,Jones,a@pjones,BlackSnake,234092348,https://scontent-atl3-1.xx.fbcdn.net/v/t1.0-1/c75.67.796.796/s320x320/15941138_1230298507026046_4721607100954488594_n.jpg?_nc_cat=101&_nc_eui2=AeF-XPbaRY495h_C1lUDTJ8U6WTTiSC4q4hZ6CptPW2aus6pJUq5OHQlUq2YMniF64M9WtE9LE5F3p7_ynPMI8AELJI0nx88-j8xliy5eihE2g&_nc_ht=scontent-atl3-1.xx&oh=7d01fe462ba4463ac22981732b9e8141&oe=5C8100C2
Fred,Smith,a@fsmith,WhiteHorse,234092349,https://scontent-atl3-1.xx.fbcdn.net/v/t1.0-1/c75.67.796.796/s320x320/15941138_1230298507026046_4721607100954488594_n.jpg?_nc_cat=101&_nc_eui2=AeF-XPbaRY495h_C1lUDTJ8U6WTTiSC4q4hZ6CptPW2aus6pJUq5OHQlUq2YMniF64M9WtE9LE5F3p7_ynPMI8AELJI0nx88-j8xliy5eihE2g&_nc_ht=scontent-atl3-1.xx&oh=7d01fe462ba4463ac22981732b9e8141&oe=5C8100C2
Fran,Smith,a@fransmith,YellowDuck,234092350,https://scontent-atl3-1.xx.fbcdn.net/v/t31.0-8/28699353_1654847274594748_5359316659922837523_o.jpg?_nc_cat=109&_nc_eui2=AeEHmI8q329UXLcGfSXG99ZH7WNX43oo3LCSmXJuUDxMnMbvlO7Axj6rl84FyZHiu03SiGvyxEIhnQ-MOAlFobQ4zZaPqFkSlxC8VyTau9-5aw&_nc_ht=scontent-atl3-1.xx&oh=6878de2c913c722c498fcdd04b0651ac&oe=5C3E3D92
Chris,Thompson,a@cthompson,BlueEel,234092351,https://image.flaticon.com/icons/svg/145/145867.svg